0.jpg,1
1.jpg,1
10.jpg,1
1000.jpg,1
1004.jpg,1
1005.jpg,1
1009.jpg,1
101.jpg,1
1012.jpg,1
1013.jpg,1
1015.jpg,1
1017.jpg,1
1020.jpg,1
1025.jpg,1
1027.jpg,1
1032.jpg,1
1033.jpg,1
1037.jpg,1
104.jpg,1
1040.jpg,1
1042.jpg,1
1043.jpg,1
1046.jpg,1
1050.jpg,1
1053.jpg,1
1054.jpg,1
1056.jpg,1
106.jpg,1
1073.jpg,1
1074.jpg,1
1076.jpg,1
1079.jpg,1
1081.jpg,1
1082.jpg,1
1084.jpg,1
1087.jpg,1
109.jpg,1
1091.jpg,1
1098.jpg,1
1112.jpg,1
1130.jpg,1
1134.jpg,1
1138.jpg,1
1139.jpg,1
1142.jpg,1
1144.jpg,1
1153.jpg,1
1156.jpg,1
1159.jpg,1
1166.jpg,1
1168.jpg,1
1171.jpg,1
1172.jpg,1
1173.jpg,1
1174.jpg,1
1176.jpg,1
1187.jpg,1
1193.jpg,1
1195.jpg,1
1198.jpg,1
1199.jpg,1
12.jpg,1
1202.jpg,1
1204.jpg,1
1206.jpg,1
121.jpg,1
1213.jpg,1
1216.jpg,1
1220.jpg,1
1229.jpg,1
1231.jpg,1
1233.jpg,1
1234.jpg,1
1236.jpg,1
124.jpg,1
1244.jpg,1
1245.jpg,1
1252.jpg,1
1254.jpg,1
1255.jpg,1
1260.jpg,1
1261.jpg,1
1263.jpg,1
1266.jpg,1
1270.jpg,1
1274.jpg,1
1275.jpg,1
1282.jpg,1
1288.jpg,1
129.jpg,1
1292.jpg,1
13.jpg,1
130.jpg,1
1301.jpg,1
1304.jpg,1
1305.jpg,1
1306.jpg,1
1309.jpg,1
1310.jpg,1
1311.jpg,1
1315.jpg,1
1316.jpg,1
1317.jpg,1
1321.jpg,1
1324.jpg,1
1331.jpg,1
1336.jpg,1
1340.jpg,1
1341.jpg,1
1342.jpg,1
1343.jpg,1
1344.jpg,1
1345.jpg,1
1348.jpg,1
1352.jpg,1
1357.jpg,1
1359.jpg,1
136.jpg,1
1365.jpg,1
1369.jpg,1
1372.jpg,1
1374.jpg,1
1375.jpg,1
1384.jpg,1
1386.jpg,1
1388.jpg,1
139.jpg,1
1391.jpg,1
1397.jpg,1
1398.jpg,1
1399.jpg,1
140.jpg,1
1401.jpg,1
1402.jpg,1
1404.jpg,1
1409.jpg,1
1412.jpg,1
1415.jpg,1
1421.jpg,1
1424.jpg,1
1429.jpg,1
1431.jpg,1
1435.jpg,1
1438.jpg,1
144.jpg,1
1441.jpg,1
145.jpg,1
1451.jpg,1
1453.jpg,1
1462.jpg,1
1464.jpg,1
1468.jpg,1
147.jpg,1
1470.jpg,1
1474.jpg,1
148.jpg,1
1485.jpg,1
1486.jpg,1
1489.jpg,1
1491.jpg,1
1492.jpg,1
1494.jpg,1
1496.jpg,1
1498.jpg,1
150.jpg,1
1501.jpg,1
1503.jpg,1
1505.jpg,1
1507.jpg,1
1508.jpg,1
1510.jpg,1
1511.jpg,1
1512.jpg,1
1514.jpg,1
1515.jpg,1
1525.jpg,1
1526.jpg,1
1528.jpg,1
1529.jpg,1
1530.jpg,1
1539.jpg,1
1545.jpg,1
1546.jpg,1
155.jpg,1
1553.jpg,1
1559.jpg,1
1560.jpg,1
1576.jpg,1
1579.jpg,1
1581.jpg,1
1584.jpg,1
1589.jpg,1
159.jpg,1
1590.jpg,1
1595.jpg,1
1608.jpg,1
161.jpg,1
1610.jpg,1
162.jpg,1
1621.jpg,1
1622.jpg,1
1624.jpg,1
1625.jpg,1
1626.jpg,1
1629.jpg,1
163.jpg,1
1634.jpg,1
1637.jpg,1
1638.jpg,1
1640.jpg,1
1646.jpg,1
1647.jpg,1
1650.jpg,1
1657.jpg,1
167.jpg,1
1679.jpg,1
1686.jpg,1
1687.jpg,1
1694.jpg,1
17.jpg,1
1705.jpg,1
1708.jpg,1
1709.jpg,1
1712.jpg,1
1714.jpg,1
1720.jpg,1
1729.jpg,1
1732.jpg,1
1735.jpg,1
1738.jpg,1
1743.jpg,1
1744.jpg,1
1745.jpg,1
1753.jpg,1
1758.jpg,1
1759.jpg,1
1763.jpg,1
1767.jpg,1
1768.jpg,1
1777.jpg,1
1778.jpg,1
1780.jpg,1
1782.jpg,1
1785.jpg,1
1787.jpg,1
1793.jpg,1
18.jpg,1
180.jpg,1
1802.jpg,1
1806.jpg,1
1807.jpg,1
1809.jpg,1
181.jpg,1
1811.jpg,1
1815.jpg,1
1817.jpg,1
1819.jpg,1
1823.jpg,1
1825.jpg,1
183.jpg,1
1831.jpg,1
1838.jpg,1
1843.jpg,1
1845.jpg,1
1848.jpg,1
1849.jpg,1
1852.jpg,1
1863.jpg,1
1868.jpg,1
187.jpg,1
1870.jpg,1
1878.jpg,1
1885.jpg,1
1890.jpg,1
1899.jpg,1
1900.jpg,1
1904.jpg,1
1910.jpg,1
1914.jpg,1
1920.jpg,1
1923.jpg,1
1927.jpg,1
1931.jpg,1
1933.jpg,1
1935.jpg,1
1943.jpg,1
1944.jpg,1
1945.jpg,1
1947.jpg,1
1948.jpg,1
1951.jpg,1
1955.jpg,1
1957.jpg,1
1960.jpg,1
1966.jpg,1
1967.jpg,1
197.jpg,1
1971.jpg,1
1974.jpg,1
1975.jpg,1
1979.jpg,1
1981.jpg,1
1982.jpg,1
1986.jpg,1
199.jpg,1
1992.jpg,1
1995.jpg,1
1997.jpg,1
2.jpg,1
2000.jpg,1
201.jpg,1
2011.jpg,1
2014.jpg,1
2015.jpg,1
202.jpg,1
2021.jpg,1
2024.jpg,1
2029.jpg,1
2033.jpg,1
2036.jpg,1
204.jpg,1
2047.jpg,1
2049.jpg,1
2051.jpg,1
2052.jpg,1
2054.jpg,1
2055.jpg,1
2064.jpg,1
2065.jpg,1
2066.jpg,1
2071.jpg,1
2072.jpg,1
2076.jpg,1
2078.jpg,1
2096.jpg,1
2100.jpg,1
2103.jpg,1
2104.jpg,1
2108.jpg,1
2109.jpg,1
2112.jpg,1
2114.jpg,1
2117.jpg,1
2118.jpg,1
2119.jpg,1
2121.jpg,1
213.jpg,1
2132.jpg,1
2135.jpg,1
214.jpg,1
2144.jpg,1
2147.jpg,1
216.jpg,1
2161.jpg,1
2166.jpg,1
2168.jpg,1
2175.jpg,1
2176.jpg,1
2177.jpg,1
2182.jpg,1
2185.jpg,1
219.jpg,1
2194.jpg,1
2196.jpg,1
2198.jpg,1
2199.jpg,1
22.jpg,1
220.jpg,1
2202.jpg,1
2203.jpg,1
2204.jpg,1
2206.jpg,1
2209.jpg,1
2214.jpg,1
2223.jpg,1
2227.jpg,1
2229.jpg,1
223.jpg,1
2232.jpg,1
2233.jpg,1
2234.jpg,1
2237.jpg,1
2238.jpg,1
2239.jpg,1
224.jpg,1
2240.jpg,1
2244.jpg,1
2245.jpg,1
2247.jpg,1
225.jpg,1
2251.jpg,1
2253.jpg,1
2257.jpg,1
2263.jpg,1
2266.jpg,1
2269.jpg,1
227.jpg,1
2270.jpg,1
2272.jpg,1
2281.jpg,1
2284.jpg,1
2285.jpg,1
2291.jpg,1
2293.jpg,1
2296.jpg,1
2297.jpg,1
2302.jpg,1
2303.jpg,1
2307.jpg,1
2312.jpg,1
2316.jpg,1
232.jpg,1
2322.jpg,1
2326.jpg,1
2327.jpg,1
2329.jpg,1
233.jpg,1
2339.jpg,1
234.jpg,1
2348.jpg,1
2349.jpg,1
2350.jpg,1
2354.jpg,1
2358.jpg,1
2359.jpg,1
236.jpg,1
2361.jpg,1
2366.jpg,1
2369.jpg,1
2373.jpg,1
2378.jpg,1
2381.jpg,1
2382.jpg,1
2385.jpg,1
2392.jpg,1
2398.jpg,1
2400.jpg,1
2409.jpg,1
2411.jpg,1
2414.jpg,1
2415.jpg,1
2427.jpg,1
2431.jpg,1
2433.jpg,1
2435.jpg,1
2437.jpg,1
2439.jpg,1
2442.jpg,1
2447.jpg,1
2450.jpg,1
2459.jpg,1
246.jpg,1
2464.jpg,1
2465.jpg,1
247.jpg,1
2477.jpg,1
2479.jpg,1
2480.jpg,1
2485.jpg,1
2489.jpg,1
249.jpg,1
2495.jpg,1
2496.jpg,1
2497.jpg,1
2498.jpg,1
2501.jpg,1
2502.jpg,1
2505.jpg,1
2506.jpg,1
2507.jpg,1
2518.jpg,1
2519.jpg,1
2520.jpg,1
2524.jpg,1
2540.jpg,1
2541.jpg,1
2543.jpg,1
2544.jpg,1
2551.jpg,1
2552.jpg,1
2554.jpg,1
2563.jpg,1
2565.jpg,1
2566.jpg,1
2571.jpg,1
2576.jpg,1
2580.jpg,1
2585.jpg,1
2586.jpg,1
2588.jpg,1
2590.jpg,1
2597.jpg,1
2600.jpg,1
2604.jpg,1
2607.jpg,1
261.jpg,1
2620.jpg,1
263.jpg,1
2632.jpg,1
2635.jpg,1
2637.jpg,1
2640.jpg,1
2641.jpg,1
2643.jpg,1
2645.jpg,1
2654.jpg,1
2657.jpg,1
2660.jpg,1
2665.jpg,1
2666.jpg,1
2667.jpg,1
2673.jpg,1
2674.jpg,1
2676.jpg,1
2679.jpg,1
2680.jpg,1
2681.jpg,1
2685.jpg,1
2688.jpg,1
269.jpg,1
2691.jpg,1
2693.jpg,1
27.jpg,1
270.jpg,1
2702.jpg,1
2706.jpg,1
2707.jpg,1
2708.jpg,1
2714.jpg,1
2715.jpg,1
2716.jpg,1
2718.jpg,1
2729.jpg,1
2731.jpg,1
2733.jpg,1
2735.jpg,1
2744.jpg,1
275.jpg,1
2753.jpg,1
2754.jpg,1
2755.jpg,1
2756.jpg,1
2758.jpg,1
2762.jpg,1
2763.jpg,1
277.jpg,1
2770.jpg,1
2774.jpg,1
2786.jpg,1
2787.jpg,1
2790.jpg,1
2792.jpg,1
2795.jpg,1
2812.jpg,1
2813.jpg,1
2817.jpg,1
2818.jpg,1
2819.jpg,1
2832.jpg,1
2834.jpg,1
2839.jpg,1
2844.jpg,1
2845.jpg,1
2852.jpg,1
2858.jpg,1
2859.jpg,1
2865.jpg,1
2866.jpg,1
2868.jpg,1
2869.jpg,1
2874.jpg,1
2876.jpg,1
2885.jpg,1
2890.jpg,1
2893.jpg,1
2894.jpg,1
2897.jpg,1
290.jpg,1
2904.jpg,1
2908.jpg,1
2911.jpg,1
2918.jpg,1
2919.jpg,1
2927.jpg,1
2929.jpg,1
2931.jpg,1
2938.jpg,1
2953.jpg,1
296.jpg,1
2965.jpg,1
2968.jpg,1
2971.jpg,1
2974.jpg,1
2978.jpg,1
2979.jpg,1
2980.jpg,1
2984.jpg,1
2987.jpg,1
2988.jpg,1
2989.jpg,1
2998.jpg,1
301.jpg,1
302.jpg,1
3020.jpg,1
3033.jpg,1
3034.jpg,1
3047.jpg,1
3048.jpg,1
3052.jpg,1
3053.jpg,1
3058.jpg,1
3060.jpg,1
3061.jpg,1
3063.jpg,1
3066.jpg,1
307.jpg,1
3078.jpg,1
308.jpg,1
3080.jpg,1
3081.jpg,1
3087.jpg,1
309.jpg,1
3091.jpg,1
3099.jpg,1
31.jpg,1
3110.jpg,1
3112.jpg,1
312.jpg,1
3122.jpg,1
3124.jpg,1
3130.jpg,1
3133.jpg,1
3134.jpg,1
3135.jpg,1
3139.jpg,1
3145.jpg,1
3146.jpg,1
3148.jpg,1
3150.jpg,1
3154.jpg,1
3156.jpg,1
3157.jpg,1
3159.jpg,1
3161.jpg,1
3163.jpg,1
3166.jpg,1
3167.jpg,1
3172.jpg,1
3173.jpg,1
3174.jpg,1
3178.jpg,1
3180.jpg,1
3185.jpg,1
3186.jpg,1
3188.jpg,1
3192.jpg,1
3196.jpg,1
3199.jpg,1
32.jpg,1
320.jpg,1
3202.jpg,1
3208.jpg,1
3213.jpg,1
3214.jpg,1
3217.jpg,1
3218.jpg,1
3219.jpg,1
3225.jpg,1
3227.jpg,1
3229.jpg,1
3231.jpg,1
3237.jpg,1
3239.jpg,1
3240.jpg,1
3245.jpg,1
3248.jpg,1
325.jpg,1
3250.jpg,1
3255.jpg,1
3256.jpg,1
3259.jpg,1
326.jpg,1
3262.jpg,1
3264.jpg,1
3265.jpg,1
3271.jpg,1
3274.jpg,1
3284.jpg,1
3285.jpg,1
3286.jpg,1
3289.jpg,1
329.jpg,1
3291.jpg,1
3295.jpg,1
3298.jpg,1
3301.jpg,1
3302.jpg,1
3303.jpg,1
3316.jpg,1
3320.jpg,1
3322.jpg,1
3324.jpg,1
3325.jpg,1
3328.jpg,1
333.jpg,1
3332.jpg,1
3333.jpg,1
3334.jpg,1
3335.jpg,1
3338.jpg,1
334.jpg,1
3340.jpg,1
3341.jpg,1
3348.jpg,1
335.jpg,1
3351.jpg,1
336.jpg,1
3361.jpg,1
3362.jpg,1
3363.jpg,1
3365.jpg,1
3367.jpg,1
3373.jpg,1
3378.jpg,1
3381.jpg,1
3384.jpg,1
3385.jpg,1
3386.jpg,1
3389.jpg,1
3392.jpg,1
3397.jpg,1
34.jpg,1
3400.jpg,1
3410.jpg,1
3413.jpg,1
3418.jpg,1
3425.jpg,1
3426.jpg,1
3427.jpg,1
3428.jpg,1
343.jpg,1
3431.jpg,1
3435.jpg,1
3436.jpg,1
3439.jpg,1
344.jpg,1
3442.jpg,1
3446.jpg,1
3453.jpg,1
3455.jpg,1
3458.jpg,1
3459.jpg,1
3461.jpg,1
3462.jpg,1
3463.jpg,1
3467.jpg,1
3469.jpg,1
3473.jpg,1
3474.jpg,1
3479.jpg,1
348.jpg,1
3482.jpg,1
3484.jpg,1
3487.jpg,1
3488.jpg,1
349.jpg,1
3491.jpg,1
3494.jpg,1
3495.jpg,1
3496.jpg,1
3498.jpg,1
3499.jpg,1
3502.jpg,1
3504.jpg,1
3508.jpg,1
351.jpg,1
3510.jpg,1
3511.jpg,1
3513.jpg,1
3516.jpg,1
352.jpg,1
3521.jpg,1
3527.jpg,1
3528.jpg,1
3536.jpg,1
3540.jpg,1
3542.jpg,1
3545.jpg,1
3553.jpg,1
3554.jpg,1
3555.jpg,1
3556.jpg,1
3560.jpg,1
3566.jpg,1
3568.jpg,1
3570.jpg,1
3572.jpg,1
3574.jpg,1
3576.jpg,1
3581.jpg,1
3585.jpg,1
3586.jpg,1
3587.jpg,1
3588.jpg,1
3589.jpg,1
3590.jpg,1
3592.jpg,1
3593.jpg,1
3596.jpg,1
3597.jpg,1
3599.jpg,1
36.jpg,1
3608.jpg,1
3609.jpg,1
3610.jpg,1
3612.jpg,1
3616.jpg,1
3617.jpg,1
3618.jpg,1
3626.jpg,1
3627.jpg,1
3632.jpg,1
3634.jpg,1
3635.jpg,1
3639.jpg,1
3644.jpg,1
3645.jpg,1
365.jpg,1
3650.jpg,1
3653.jpg,1
3654.jpg,1
3657.jpg,1
3659.jpg,1
3660.jpg,1
3664.jpg,1
3665.jpg,1
3667.jpg,1
3670.jpg,1
3671.jpg,1
3676.jpg,1
3678.jpg,1
3680.jpg,1
3681.jpg,1
3688.jpg,1
3699.jpg,1
37.jpg,1
370.jpg,1
3702.jpg,1
3705.jpg,1
3709.jpg,1
371.jpg,1
3710.jpg,1
3716.jpg,1
3724.jpg,1
3725.jpg,1
3726.jpg,1
3729.jpg,1
3731.jpg,1
3733.jpg,1
3734.jpg,1
3736.jpg,1
3737.jpg,1
3739.jpg,1
3745.jpg,1
3747.jpg,1
3749.jpg,1
3752.jpg,1
3755.jpg,1
3757.jpg,1
3758.jpg,1
3759.jpg,1
3765.jpg,1
3766.jpg,1
3769.jpg,1
3770.jpg,1
3772.jpg,1
3773.jpg,1
3781.jpg,1
3784.jpg,1
3793.jpg,1
3795.jpg,1
3799.jpg,1
3800.jpg,1
3801.jpg,1
3802.jpg,1
3805.jpg,1
3808.jpg,1
3815.jpg,1
3816.jpg,1
3817.jpg,1
3818.jpg,1
3820.jpg,1
3825.jpg,1
3828.jpg,1
3832.jpg,1
3833.jpg,1
3838.jpg,1
3839.jpg,1
3840.jpg,1
3844.jpg,1
3848.jpg,1
3850.jpg,1
3853.jpg,1
3855.jpg,1
3860.jpg,1
3861.jpg,1
387.jpg,1
3870.jpg,1
3871.jpg,1
3876.jpg,1
3878.jpg,1
3879.jpg,1
3882.jpg,1
3883.jpg,1
3886.jpg,1
3887.jpg,1
389.jpg,1
3890.jpg,1
3891.jpg,1
3897.jpg,1
39.jpg,1
3900.jpg,1
3908.jpg,1
3909.jpg,1
3915.jpg,1
3916.jpg,1
3920.jpg,1
3922.jpg,1
3923.jpg,1
3924.jpg,1
3927.jpg,1
393.jpg,1
3930.jpg,1
3931.jpg,1
3937.jpg,1
3942.jpg,1
3945.jpg,1
3947.jpg,1
3952.jpg,1
3953.jpg,1
3954.jpg,1
3955.jpg,1
3957.jpg,1
396.jpg,1
3962.jpg,1
3963.jpg,1
3969.jpg,1
397.jpg,1
3970.jpg,1
3973.jpg,1
3979.jpg,1
398.jpg,1
3982.jpg,1
3986.jpg,1
3987.jpg,1
3992.jpg,1
3997.jpg,1
4.jpg,1
400.jpg,1
4003.jpg,1
4006.jpg,1
4008.jpg,1
4015.jpg,1
4016.jpg,1
402.jpg,1
4020.jpg,1
4022.jpg,1
4026.jpg,1
4030.jpg,1
4036.jpg,1
4037.jpg,1
4039.jpg,1
4041.jpg,1
4050.jpg,1
4054.jpg,1
4063.jpg,1
4065.jpg,1
4066.jpg,1
4069.jpg,1
4075.jpg,1
4083.jpg,1
4087.jpg,1
4091.jpg,1
4094.jpg,1
4095.jpg,1
4096.jpg,1
4098.jpg,1
4101.jpg,1
4102.jpg,1
4103.jpg,1
4109.jpg,1
411.jpg,1
4113.jpg,1
4115.jpg,1
4116.jpg,1
4127.jpg,1
4128.jpg,1
4135.jpg,1
4138.jpg,1
4139.jpg,1
4140.jpg,1
4143.jpg,1
4144.jpg,1
4146.jpg,1
4149.jpg,1
415.jpg,1
4151.jpg,1
4152.jpg,1
4155.jpg,1
4161.jpg,1
4166.jpg,1
4167.jpg,1
4168.jpg,1
4179.jpg,1
418.jpg,1
4181.jpg,1
4186.jpg,1
4189.jpg,1
4193.jpg,1
4195.jpg,1
4198.jpg,1
420.jpg,1
4212.jpg,1
4214.jpg,1
4218.jpg,1
4219.jpg,1
4220.jpg,1
4221.jpg,1
4223.jpg,1
4226.jpg,1
4227.jpg,1
423.jpg,1
4231.jpg,1
4235.jpg,1
4240.jpg,1
4241.jpg,1
4244.jpg,1
4246.jpg,1
4247.jpg,1
4249.jpg,1
4251.jpg,1
4254.jpg,1
4255.jpg,1
426.jpg,1
4260.jpg,1
4261.jpg,1
4263.jpg,1
4264.jpg,1
4266.jpg,1
4269.jpg,1
4270.jpg,1
4271.jpg,1
4272.jpg,1
4273.jpg,1
4274.jpg,1
428.jpg,1
4280.jpg,1
4281.jpg,1
4284.jpg,1
4288.jpg,1
4291.jpg,1
4292.jpg,1
4293.jpg,1
4295.jpg,1
4298.jpg,1
4299.jpg,1
4300.jpg,1
4304.jpg,1
4306.jpg,1
4307.jpg,1
4308.jpg,1
4316.jpg,1
4319.jpg,1
432.jpg,1
4322.jpg,1
4323.jpg,1
4326.jpg,1
4328.jpg,1
4333.jpg,1
4344.jpg,1
4354.jpg,1
4356.jpg,1
4358.jpg,1
4359.jpg,1
436.jpg,1
4362.jpg,1
4367.jpg,1
4368.jpg,1
4369.jpg,1
4371.jpg,1
4373.jpg,1
4377.jpg,1
4378.jpg,1
4382.jpg,1
4384.jpg,1
4387.jpg,1
4388.jpg,1
4389.jpg,1
439.jpg,1
4393.jpg,1
4396.jpg,1
44.jpg,1
4400.jpg,1
4401.jpg,1
4403.jpg,1
4410.jpg,1
4413.jpg,1
4416.jpg,1
4420.jpg,1
4421.jpg,1
4422.jpg,1
4427.jpg,1
4428.jpg,1
4429.jpg,1
443.jpg,1
4435.jpg,1
4439.jpg,1
444.jpg,1
4443.jpg,1
4444.jpg,1
4445.jpg,1
4449.jpg,1
4451.jpg,1
4456.jpg,1
4459.jpg,1
4460.jpg,1
4462.jpg,1
4465.jpg,1
4467.jpg,1
4468.jpg,1
4480.jpg,1
4482.jpg,1
4484.jpg,1
4485.jpg,1
4489.jpg,1
4492.jpg,1
4497.jpg,1
4499.jpg,1
4504.jpg,1
4507.jpg,1
4508.jpg,1
4512.jpg,1
4516.jpg,1
4517.jpg,1
4522.jpg,1
4523.jpg,1
4526.jpg,1
4528.jpg,1
4532.jpg,1
4533.jpg,1
4536.jpg,1
4538.jpg,1
4539.jpg,1
4541.jpg,1
4544.jpg,1
4546.jpg,1
4548.jpg,1
4551.jpg,1
4554.jpg,1
4557.jpg,1
4562.jpg,1
4563.jpg,1
4569.jpg,1
457.jpg,1
4570.jpg,1
4572.jpg,1
4573.jpg,1
4575.jpg,1
4576.jpg,1
4578.jpg,1
4581.jpg,1
4582.jpg,1
4588.jpg,1
459.jpg,1
4590.jpg,1
4596.jpg,1
4598.jpg,1
460.jpg,1
4602.jpg,1
4605.jpg,1
4608.jpg,1
461.jpg,1
4612.jpg,1
4614.jpg,1
4619.jpg,1
4620.jpg,1
4621.jpg,1
4624.jpg,1
4627.jpg,1
4631.jpg,1
4633.jpg,1
4639.jpg,1
4640.jpg,1
4641.jpg,1
4650.jpg,1
4652.jpg,1
4653.jpg,1
4655.jpg,1
4657.jpg,1
4659.jpg,1
4660.jpg,1
4663.jpg,1
4665.jpg,1
4668.jpg,1
4671.jpg,1
4672.jpg,1
4674.jpg,1
4679.jpg,1
4682.jpg,1
4683.jpg,1
4684.jpg,1
4685.jpg,1
4687.jpg,1
469.jpg,1
4692.jpg,1
4697.jpg,1
4701.jpg,1
4702.jpg,1
4703.jpg,1
4705.jpg,1
4712.jpg,1
4716.jpg,1
4717.jpg,1
4719.jpg,1
4720.jpg,1
4723.jpg,1
4724.jpg,1
4726.jpg,1
4732.jpg,1
4733.jpg,1
4736.jpg,1
4737.jpg,1
4738.jpg,1
4740.jpg,1
4749.jpg,1
4752.jpg,1
4755.jpg,1
4758.jpg,1
4764.jpg,1
4768.jpg,1
477.jpg,1
4771.jpg,1
4773.jpg,1
4776.jpg,1
478.jpg,1
4783.jpg,1
4784.jpg,1
4785.jpg,1
4789.jpg,1
479.jpg,1
48.jpg,1
4800.jpg,1
4801.jpg,1
4803.jpg,1
4806.jpg,1
4808.jpg,1
4809.jpg,1
4810.jpg,1
4814.jpg,1
4815.jpg,1
4818.jpg,1
4820.jpg,1
4823.jpg,1
4824.jpg,1
4826.jpg,1
4827.jpg,1
483.jpg,1
4832.jpg,1
4834.jpg,1
4835.jpg,1
4837.jpg,1
4839.jpg,1
484.jpg,1
4843.jpg,1
4844.jpg,1
4848.jpg,1
4850.jpg,1
4851.jpg,1
4852.jpg,1
4853.jpg,1
4855.jpg,1
4856.jpg,1
4857.jpg,1
4858.jpg,1
4859.jpg,1
4860.jpg,1
4869.jpg,1
4871.jpg,1
4872.jpg,1
4873.jpg,1
4874.jpg,1
4877.jpg,1
4881.jpg,1
4883.jpg,1
4895.jpg,1
4899.jpg,1
490.jpg,1
4901.jpg,1
4903.jpg,1
491.jpg,1
4911.jpg,1
4913.jpg,1
4916.jpg,1
4921.jpg,1
4922.jpg,1
4926.jpg,1
4928.jpg,1
493.jpg,1
4934.jpg,1
4938.jpg,1
494.jpg,1
4941.jpg,1
4943.jpg,1
4948.jpg,1
4950.jpg,1
4951.jpg,1
4958.jpg,1
496.jpg,1
4960.jpg,1
4961.jpg,1
4964.jpg,1
4968.jpg,1
4969.jpg,1
4970.jpg,1
4971.jpg,1
4972.jpg,1
4975.jpg,1
4977.jpg,1
4981.jpg,1
4982.jpg,1
4983.jpg,1
4984.jpg,1
4985.jpg,1
4986.jpg,1
4992.jpg,1
4994.jpg,1
500.jpg,1
5003.jpg,1
5005.jpg,1
5007.jpg,1
501.jpg,1
5010.jpg,1
5011.jpg,1
5012.jpg,1
5017.jpg,1
502.jpg,1
5020.jpg,1
5028.jpg,1
5029.jpg,1
5032.jpg,1
5034.jpg,1
5039.jpg,1
504.jpg,1
5040.jpg,1
5042.jpg,1
5044.jpg,1
5045.jpg,1
5046.jpg,1
5049.jpg,1
5050.jpg,1
5051.jpg,1
5052.jpg,1
5055.jpg,1
5060.jpg,1
5062.jpg,1
5065.jpg,1
5066.jpg,1
5068.jpg,1
5070.jpg,1
5071.jpg,1
5076.jpg,1
5077.jpg,1
5082.jpg,1
5083.jpg,1
5084.jpg,1
5085.jpg,1
5089.jpg,1
5090.jpg,1
5091.jpg,1
5096.jpg,1
5098.jpg,1
5103.jpg,1
5104.jpg,1
5105.jpg,1
5106.jpg,1
5111.jpg,1
5117.jpg,1
5118.jpg,1
5120.jpg,1
5122.jpg,1
5127.jpg,1
5130.jpg,1
5134.jpg,1
5135.jpg,1
5136.jpg,1
5137.jpg,1
5139.jpg,1
5141.jpg,1
5145.jpg,1
5147.jpg,1
5150.jpg,1
5154.jpg,1
5155.jpg,1
5159.jpg,1
5162.jpg,1
5163.jpg,1
5165.jpg,1
5167.jpg,1
5171.jpg,1
5180.jpg,1
5186.jpg,1
5188.jpg,1
5190.jpg,1
5197.jpg,1
5200.jpg,1
5204.jpg,1
5207.jpg,1
5211.jpg,1
5213.jpg,1
5214.jpg,1
5216.jpg,1
5218.jpg,1
5221.jpg,1
5224.jpg,1
5225.jpg,1
5228.jpg,1
5230.jpg,1
5233.jpg,1
5235.jpg,1
5237.jpg,1
5239.jpg,1
524.jpg,1
5240.jpg,1
5243.jpg,1
5244.jpg,1
5245.jpg,1
5247.jpg,1
5249.jpg,1
525.jpg,1
5251.jpg,1
5252.jpg,1
5254.jpg,1
5255.jpg,1
5257.jpg,1
5258.jpg,1
5265.jpg,1
5266.jpg,1
5272.jpg,1
5273.jpg,1
5274.jpg,1
5275.jpg,1
5276.jpg,1
5278.jpg,1
5283.jpg,1
5286.jpg,1
5289.jpg,1
5299.jpg,1
53.jpg,1
530.jpg,1
5304.jpg,1
5307.jpg,1
5308.jpg,1
5309.jpg,1
531.jpg,1
5313.jpg,1
5316.jpg,1
532.jpg,1
5320.jpg,1
5321.jpg,1
5330.jpg,1
5331.jpg,1
5332.jpg,1
5334.jpg,1
5335.jpg,1
5341.jpg,1
5345.jpg,1
5348.jpg,1
535.jpg,1
5353.jpg,1
5356.jpg,1
5359.jpg,1
5364.jpg,1
5369.jpg,1
5371.jpg,1
5373.jpg,1
5376.jpg,1
5380.jpg,1
5381.jpg,1
5384.jpg,1
5386.jpg,1
5388.jpg,1
5389.jpg,1
5391.jpg,1
5392.jpg,1
5395.jpg,1
5398.jpg,1
540.jpg,1
5400.jpg,1
5403.jpg,1
5407.jpg,1
5411.jpg,1
5413.jpg,1
5415.jpg,1
5419.jpg,1
5420.jpg,1
5421.jpg,1
5423.jpg,1
5430.jpg,1
5431.jpg,1
5432.jpg,1
5440.jpg,1
5444.jpg,1
5445.jpg,1
5449.jpg,1
5453.jpg,1
5455.jpg,1
5456.jpg,1
5463.jpg,1
5465.jpg,1
5468.jpg,1
5472.jpg,1
5478.jpg,1
548.jpg,1
5480.jpg,1
5481.jpg,1
5487.jpg,1
5489.jpg,1
5492.jpg,1
5494.jpg,1
5495.jpg,1
5498.jpg,1
5499.jpg,1
5504.jpg,1
5509.jpg,1
551.jpg,1
5511.jpg,1
5512.jpg,1
5515.jpg,1
552.jpg,1
5520.jpg,1
5523.jpg,1
5533.jpg,1
5535.jpg,1
5537.jpg,1
5540.jpg,1
5541.jpg,1
5545.jpg,1
5546.jpg,1
5548.jpg,1
5549.jpg,1
555.jpg,1
5550.jpg,1
5551.jpg,1
5554.jpg,1
5555.jpg,1
5558.jpg,1
5559.jpg,1
5562.jpg,1
5565.jpg,1
5569.jpg,1
5570.jpg,1
5575.jpg,1
5576.jpg,1
5577.jpg,1
5582.jpg,1
5586.jpg,1
5591.jpg,1
5592.jpg,1
5595.jpg,1
5596.jpg,1
5597.jpg,1
5602.jpg,1
5605.jpg,1
5607.jpg,1
5613.jpg,1
5616.jpg,1
5621.jpg,1
5624.jpg,1
5625.jpg,1
5629.jpg,1
5633.jpg,1
5637.jpg,1
5640.jpg,1
5644.jpg,1
5649.jpg,1
5654.jpg,1
5656.jpg,1
5658.jpg,1
5664.jpg,1
5669.jpg,1
5673.jpg,1
5678.jpg,1
5681.jpg,1
5683.jpg,1
5684.jpg,1
5692.jpg,1
5696.jpg,1
5697.jpg,1
5698.jpg,1
57.jpg,1
5702.jpg,1
5705.jpg,1
5707.jpg,1
5710.jpg,1
5713.jpg,1
5715.jpg,1
5716.jpg,1
5718.jpg,1
5719.jpg,1
572.jpg,1
5720.jpg,1
5722.jpg,1
5723.jpg,1
5727.jpg,1
5728.jpg,1
5729.jpg,1
5732.jpg,1
5733.jpg,1
5734.jpg,1
5735.jpg,1
5738.jpg,1
5739.jpg,1
5742.jpg,1
5747.jpg,1
5748.jpg,1
5749.jpg,1
5750.jpg,1
5755.jpg,1
5759.jpg,1
5760.jpg,1
5764.jpg,1
5765.jpg,1
5767.jpg,1
5774.jpg,1
578.jpg,1
5784.jpg,1
5785.jpg,1
5788.jpg,1
579.jpg,1
5790.jpg,1
5793.jpg,1
5797.jpg,1
580.jpg,1
5809.jpg,1
5810.jpg,1
5814.jpg,1
5818.jpg,1
5820.jpg,1
5825.jpg,1
5828.jpg,1
5830.jpg,1
5835.jpg,1
5836.jpg,1
5840.jpg,1
5843.jpg,1
5845.jpg,1
5848.jpg,1
5854.jpg,1
5856.jpg,1
5858.jpg,1
5862.jpg,1
5863.jpg,1
5865.jpg,1
5866.jpg,1
5867.jpg,1
5869.jpg,1
587.jpg,1
5873.jpg,1
5876.jpg,1
5877.jpg,1
5882.jpg,1
5888.jpg,1
5889.jpg,1
589.jpg,1
5896.jpg,1
5898.jpg,1
5901.jpg,1
5905.jpg,1
5906.jpg,1
5907.jpg,1
5908.jpg,1
5909.jpg,1
5911.jpg,1
5913.jpg,1
5916.jpg,1
5918.jpg,1
5923.jpg,1
5925.jpg,1
5926.jpg,1
5930.jpg,1
5931.jpg,1
5933.jpg,1
5936.jpg,1
5938.jpg,1
5940.jpg,1
5942.jpg,1
5943.jpg,1
5945.jpg,1
5947.jpg,1
5948.jpg,1
595.jpg,1
5951.jpg,1
5953.jpg,1
5957.jpg,1
5968.jpg,1
5969.jpg,1
597.jpg,1
5970.jpg,1
5983.jpg,1
5984.jpg,1
5987.jpg,1
5988.jpg,1
5989.jpg,1
5991.jpg,1
5992.jpg,1
5993.jpg,1
5996.jpg,1
5999.jpg,1
6.jpg,1
600.jpg,1
6000.jpg,1
6001.jpg,1
6002.jpg,1
6003.jpg,1
6005.jpg,1
6013.jpg,1
6017.jpg,1
6019.jpg,1
6020.jpg,1
6021.jpg,1
6025.jpg,1
6027.jpg,1
6033.jpg,1
6035.jpg,1
6041.jpg,1
6044.jpg,1
6046.jpg,1
6047.jpg,1
6051.jpg,1
606.jpg,1
61.jpg,1
614.jpg,1
62.jpg,1
634.jpg,1
638.jpg,1
640.jpg,1
641.jpg,1
642.jpg,1
644.jpg,1
649.jpg,1
650.jpg,1
672.jpg,1
685.jpg,1
686.jpg,1
688.jpg,1
692.jpg,1
693.jpg,1
697.jpg,1
699.jpg,1
70.jpg,1
700.jpg,1
703.jpg,1
704.jpg,1
705.jpg,1
71.jpg,1
710.jpg,1
711.jpg,1
717.jpg,1
72.jpg,1
721.jpg,1
726.jpg,1
727.jpg,1
729.jpg,1
732.jpg,1
733.jpg,1
737.jpg,1
748.jpg,1
751.jpg,1
752.jpg,1
756.jpg,1
757.jpg,1
760.jpg,1
775.jpg,1
78.jpg,1
780.jpg,1
784.jpg,1
787.jpg,1
790.jpg,1
795.jpg,1
80.jpg,1
802.jpg,1
81.jpg,1
814.jpg,1
815.jpg,1
816.jpg,1
828.jpg,1
829.jpg,1
834.jpg,1
837.jpg,1
839.jpg,1
842.jpg,1
843.jpg,1
847.jpg,1
848.jpg,1
857.jpg,1
86.jpg,1
863.jpg,1
874.jpg,1
875.jpg,1
876.jpg,1
877.jpg,1
884.jpg,1
887.jpg,1
895.jpg,1
897.jpg,1
898.jpg,1
9.jpg,1
902.jpg,1
906.jpg,1
913.jpg,1
923.jpg,1
926.jpg,1
932.jpg,1
936.jpg,1
939.jpg,1
94.jpg,1
943.jpg,1
944.jpg,1
945.jpg,1
949.jpg,1
953.jpg,1
955.jpg,1
957.jpg,1
958.jpg,1
959.jpg,1
961.jpg,1
963.jpg,1
966.jpg,1
967.jpg,1
968.jpg,1
97.jpg,1
982.jpg,1
991.jpg,1
994.jpg,1
100.jpg,0
1006.jpg,0
1014.jpg,0
1019.jpg,0
1023.jpg,0
1028.jpg,0
1029.jpg,0
1038.jpg,0
1039.jpg,0
1055.jpg,0
1060.jpg,0
1064.jpg,0
1067.jpg,0
1085.jpg,0
1090.jpg,0
1092.jpg,0
1095.jpg,0
1096.jpg,0
1097.jpg,0
1099.jpg,0
11.jpg,0
1100.jpg,0
1104.jpg,0
1105.jpg,0
1108.jpg,0
1115.jpg,0
1125.jpg,0
1129.jpg,0
1135.jpg,0
114.jpg,0
1148.jpg,0
1157.jpg,0
1158.jpg,0
1162.jpg,0
1167.jpg,0
118.jpg,0
1180.jpg,0
1188.jpg,0
1190.jpg,0
1194.jpg,0
1211.jpg,0
1212.jpg,0
1222.jpg,0
1223.jpg,0
1232.jpg,0
1243.jpg,0
1248.jpg,0
125.jpg,0
1251.jpg,0
1256.jpg,0
1257.jpg,0
1264.jpg,0
1267.jpg,0
127.jpg,0
1271.jpg,0
1280.jpg,0
1285.jpg,0
1286.jpg,0
1287.jpg,0
1289.jpg,0
1290.jpg,0
1295.jpg,0
1296.jpg,0
1300.jpg,0
1303.jpg,0
1313.jpg,0
132.jpg,0
1322.jpg,0
1325.jpg,0
1329.jpg,0
1334.jpg,0
134.jpg,0
1349.jpg,0
135.jpg,0
1350.jpg,0
1351.jpg,0
1360.jpg,0
1364.jpg,0
1373.jpg,0
1376.jpg,0
1377.jpg,0
138.jpg,0
1382.jpg,0
1383.jpg,0
1392.jpg,0
1393.jpg,0
1396.jpg,0
14.jpg,0
1400.jpg,0
1406.jpg,0
141.jpg,0
142.jpg,0
1420.jpg,0
1422.jpg,0
1425.jpg,0
1426.jpg,0
143.jpg,0
1444.jpg,0
1447.jpg,0
1452.jpg,0
1461.jpg,0
1472.jpg,0
1473.jpg,0
1481.jpg,0
1488.jpg,0
1495.jpg,0
1497.jpg,0
1502.jpg,0
1504.jpg,0
1516.jpg,0
1518.jpg,0
1520.jpg,0
1532.jpg,0
1537.jpg,0
154.jpg,0
1541.jpg,0
1542.jpg,0
1543.jpg,0
1544.jpg,0
1556.jpg,0
1558.jpg,0
1561.jpg,0
1565.jpg,0
1566.jpg,0
1573.jpg,0
1575.jpg,0
1578.jpg,0
1585.jpg,0
1586.jpg,0
1588.jpg,0
1591.jpg,0
1593.jpg,0
1598.jpg,0
160.jpg,0
1601.jpg,0
1611.jpg,0
1612.jpg,0
1615.jpg,0
1619.jpg,0
1627.jpg,0
1630.jpg,0
1631.jpg,0
1633.jpg,0
1639.jpg,0
1641.jpg,0
1642.jpg,0
1645.jpg,0
1649.jpg,0
1652.jpg,0
1653.jpg,0
1654.jpg,0
1660.jpg,0
1663.jpg,0
1665.jpg,0
1668.jpg,0
1674.jpg,0
1675.jpg,0
1676.jpg,0
168.jpg,0
1685.jpg,0
1689.jpg,0
1690.jpg,0
1695.jpg,0
1697.jpg,0
1706.jpg,0
1707.jpg,0
171.jpg,0
1718.jpg,0
1719.jpg,0
1727.jpg,0
1728.jpg,0
173.jpg,0
1730.jpg,0
1731.jpg,0
1733.jpg,0
1736.jpg,0
1740.jpg,0
1746.jpg,0
1747.jpg,0
1748.jpg,0
175.jpg,0
1755.jpg,0
1756.jpg,0
1757.jpg,0
176.jpg,0
1762.jpg,0
1764.jpg,0
1765.jpg,0
1766.jpg,0
1771.jpg,0
1772.jpg,0
1783.jpg,0
1786.jpg,0
179.jpg,0
1792.jpg,0
1795.jpg,0
1796.jpg,0
1797.jpg,0
1798.jpg,0
1801.jpg,0
1803.jpg,0
1804.jpg,0
1805.jpg,0
1810.jpg,0
1813.jpg,0
182.jpg,0
1821.jpg,0
1827.jpg,0
1828.jpg,0
1832.jpg,0
1837.jpg,0
1839.jpg,0
1840.jpg,0
1854.jpg,0
1859.jpg,0
186.jpg,0
1860.jpg,0
1861.jpg,0
1864.jpg,0
1865.jpg,0
1866.jpg,0
1869.jpg,0
1877.jpg,0
1879.jpg,0
1882.jpg,0
1886.jpg,0
1887.jpg,0
189.jpg,0
1895.jpg,0
1898.jpg,0
190.jpg,0
1905.jpg,0
1908.jpg,0
1911.jpg,0
1912.jpg,0
1917.jpg,0
1922.jpg,0
1924.jpg,0
1926.jpg,0
1929.jpg,0
1934.jpg,0
1941.jpg,0
1946.jpg,0
1958.jpg,0
1959.jpg,0
1961.jpg,0
1964.jpg,0
1976.jpg,0
1980.jpg,0
1987.jpg,0
1991.jpg,0
20.jpg,0
200.jpg,0
2006.jpg,0
2007.jpg,0
2009.jpg,0
2010.jpg,0
2017.jpg,0
2018.jpg,0
2023.jpg,0
2025.jpg,0
2026.jpg,0
2027.jpg,0
2028.jpg,0
2031.jpg,0
2035.jpg,0
2038.jpg,0
2044.jpg,0
2045.jpg,0
2046.jpg,0
205.jpg,0
2053.jpg,0
2058.jpg,0
2063.jpg,0
2068.jpg,0
207.jpg,0
2070.jpg,0
2073.jpg,0
2080.jpg,0
2081.jpg,0
2085.jpg,0
2088.jpg,0
2092.jpg,0
2093.jpg,0
2094.jpg,0
2095.jpg,0
2097.jpg,0
2098.jpg,0
2099.jpg,0
210.jpg,0
2101.jpg,0
2102.jpg,0
211.jpg,0
2110.jpg,0
2113.jpg,0
212.jpg,0
2124.jpg,0
2127.jpg,0
2130.jpg,0
2133.jpg,0
2140.jpg,0
2146.jpg,0
2148.jpg,0
2157.jpg,0
2159.jpg,0
2160.jpg,0
2163.jpg,0
2164.jpg,0
2169.jpg,0
2172.jpg,0
2179.jpg,0
2181.jpg,0
2183.jpg,0
2187.jpg,0
2188.jpg,0
2192.jpg,0
2193.jpg,0
221.jpg,0
2210.jpg,0
2211.jpg,0
2217.jpg,0
2219.jpg,0
2228.jpg,0
2235.jpg,0
2243.jpg,0
2248.jpg,0
2258.jpg,0
226.jpg,0
2273.jpg,0
2276.jpg,0
2277.jpg,0
228.jpg,0
2288.jpg,0
229.jpg,0
2292.jpg,0
23.jpg,0
2301.jpg,0
2304.jpg,0
2309.jpg,0
2310.jpg,0
2314.jpg,0
2318.jpg,0
2319.jpg,0
2320.jpg,0
2324.jpg,0
2328.jpg,0
2330.jpg,0
2332.jpg,0
2333.jpg,0
2334.jpg,0
2336.jpg,0
2337.jpg,0
2342.jpg,0
2343.jpg,0
2345.jpg,0
2347.jpg,0
2352.jpg,0
2353.jpg,0
2362.jpg,0
2365.jpg,0
2370.jpg,0
2374.jpg,0
2375.jpg,0
2379.jpg,0
2380.jpg,0
2384.jpg,0
2386.jpg,0
2387.jpg,0
2393.jpg,0
2396.jpg,0
240.jpg,0
2404.jpg,0
2405.jpg,0
2408.jpg,0
241.jpg,0
2410.jpg,0
2412.jpg,0
2416.jpg,0
2418.jpg,0
2419.jpg,0
2422.jpg,0
2429.jpg,0
2436.jpg,0
2445.jpg,0
2448.jpg,0
245.jpg,0
2451.jpg,0
2453.jpg,0
2456.jpg,0
2457.jpg,0
2460.jpg,0
2467.jpg,0
2472.jpg,0
2475.jpg,0
2486.jpg,0
2493.jpg,0
2494.jpg,0
25.jpg,0
2503.jpg,0
2508.jpg,0
2509.jpg,0
2512.jpg,0
2517.jpg,0
2521.jpg,0
2522.jpg,0
2528.jpg,0
2535.jpg,0
2542.jpg,0
2548.jpg,0
255.jpg,0
2553.jpg,0
2555.jpg,0
2560.jpg,0
257.jpg,0
2572.jpg,0
2574.jpg,0
258.jpg,0
2582.jpg,0
2587.jpg,0
259.jpg,0
2593.jpg,0
2595.jpg,0
260.jpg,0
2603.jpg,0
2606.jpg,0
2614.jpg,0
2631.jpg,0
2636.jpg,0
2638.jpg,0
2644.jpg,0
2648.jpg,0
2652.jpg,0
2658.jpg,0
266.jpg,0
2661.jpg,0
2662.jpg,0
267.jpg,0
268.jpg,0
2686.jpg,0
2690.jpg,0
2695.jpg,0
2701.jpg,0
271.jpg,0
2710.jpg,0
2722.jpg,0
2723.jpg,0
2732.jpg,0
2746.jpg,0
2748.jpg,0
2759.jpg,0
2771.jpg,0
2777.jpg,0
2781.jpg,0
2782.jpg,0
2788.jpg,0
2796.jpg,0
28.jpg,0
2806.jpg,0
2807.jpg,0
2808.jpg,0
281.jpg,0
2815.jpg,0
282.jpg,0
2823.jpg,0
2824.jpg,0
2825.jpg,0
2828.jpg,0
2829.jpg,0
2831.jpg,0
2836.jpg,0
284.jpg,0
2849.jpg,0
2853.jpg,0
2856.jpg,0
2860.jpg,0
2864.jpg,0
287.jpg,0
2875.jpg,0
2878.jpg,0
288.jpg,0
2886.jpg,0
2887.jpg,0
2888.jpg,0
2889.jpg,0
2900.jpg,0
2901.jpg,0
2902.jpg,0
291.jpg,0
2915.jpg,0
2917.jpg,0
2923.jpg,0
2924.jpg,0
2925.jpg,0
2940.jpg,0
2941.jpg,0
2942.jpg,0
2945.jpg,0
2952.jpg,0
2957.jpg,0
2959.jpg,0
2960.jpg,0
2962.jpg,0
2966.jpg,0
2967.jpg,0
2981.jpg,0
299.jpg,0
2993.jpg,0
30.jpg,0
300.jpg,0
3000.jpg,0
3004.jpg,0
3008.jpg,0
3009.jpg,0
3011.jpg,0
3014.jpg,0
3016.jpg,0
3017.jpg,0
3018.jpg,0
3021.jpg,0
3022.jpg,0
3024.jpg,0
3026.jpg,0
3028.jpg,0
303.jpg,0
3039.jpg,0
304.jpg,0
3042.jpg,0
3044.jpg,0
3045.jpg,0
3050.jpg,0
3059.jpg,0
3068.jpg,0
3071.jpg,0
3072.jpg,0
3085.jpg,0
3094.jpg,0
3104.jpg,0
3109.jpg,0
3113.jpg,0
3114.jpg,0
3117.jpg,0
3120.jpg,0
3127.jpg,0
3128.jpg,0
3129.jpg,0
3132.jpg,0
3140.jpg,0
3142.jpg,0
3147.jpg,0
3153.jpg,0
317.jpg,0
3184.jpg,0
3198.jpg,0
3203.jpg,0
3206.jpg,0
3207.jpg,0
3215.jpg,0
3221.jpg,0
3223.jpg,0
3224.jpg,0
3226.jpg,0
3230.jpg,0
3233.jpg,0
3235.jpg,0
3246.jpg,0
3247.jpg,0
3249.jpg,0
3253.jpg,0
3269.jpg,0
327.jpg,0
3270.jpg,0
3273.jpg,0
3275.jpg,0
3278.jpg,0
3283.jpg,0
3292.jpg,0
33.jpg,0
3318.jpg,0
3327.jpg,0
3337.jpg,0
3344.jpg,0
3357.jpg,0
3369.jpg,0
3382.jpg,0
339.jpg,0
3396.jpg,0
340.jpg,0
3406.jpg,0
3441.jpg,0
3443.jpg,0
3444.jpg,0
3447.jpg,0
345.jpg,0
3451.jpg,0
3454.jpg,0
3456.jpg,0
3476.jpg,0
3478.jpg,0
3483.jpg,0
3517.jpg,0
3520.jpg,0
3543.jpg,0
3558.jpg,0
3563.jpg,0
3575.jpg,0
3578.jpg,0
358.jpg,0
3582.jpg,0
3594.jpg,0
3598.jpg,0
360.jpg,0
3600.jpg,0
361.jpg,0
3614.jpg,0
362.jpg,0
3623.jpg,0
3636.jpg,0
364.jpg,0
3642.jpg,0
3646.jpg,0
3648.jpg,0
3658.jpg,0
3662.jpg,0
3663.jpg,0
3679.jpg,0
368.jpg,0
3682.jpg,0
3697.jpg,0
3698.jpg,0
3700.jpg,0
3701.jpg,0
3712.jpg,0
3719.jpg,0
3738.jpg,0
374.jpg,0
3741.jpg,0
375.jpg,0
3754.jpg,0
376.jpg,0
3776.jpg,0
3777.jpg,0
378.jpg,0
3797.jpg,0
380.jpg,0
3804.jpg,0
3806.jpg,0
3812.jpg,0
3822.jpg,0
3831.jpg,0
384.jpg,0
3841.jpg,0
3843.jpg,0
3851.jpg,0
3857.jpg,0
3869.jpg,0
3877.jpg,0
3892.jpg,0
3896.jpg,0
3901.jpg,0
391.jpg,0
3919.jpg,0
392.jpg,0
3939.jpg,0
3943.jpg,0
395.jpg,0
3990.jpg,0
3994.jpg,0
3995.jpg,0
40.jpg,0
4002.jpg,0
4019.jpg,0
4021.jpg,0
404.jpg,0
4043.jpg,0
4045.jpg,0
4057.jpg,0
406.jpg,0
407.jpg,0
4072.jpg,0
408.jpg,0
4080.jpg,0
4090.jpg,0
4093.jpg,0
4097.jpg,0
41.jpg,0
4112.jpg,0
4117.jpg,0
4126.jpg,0
4132.jpg,0
4133.jpg,0
4142.jpg,0
4147.jpg,0
4148.jpg,0
4153.jpg,0
4185.jpg,0
4196.jpg,0
4205.jpg,0
422.jpg,0
4229.jpg,0
4232.jpg,0
4239.jpg,0
4248.jpg,0
4268.jpg,0
43.jpg,0
430.jpg,0
4311.jpg,0
4332.jpg,0
4334.jpg,0
434.jpg,0
4360.jpg,0
4374.jpg,0
4379.jpg,0
4390.jpg,0
4395.jpg,0
4399.jpg,0
4412.jpg,0
4415.jpg,0
442.jpg,0
4433.jpg,0
4452.jpg,0
4457.jpg,0
446.jpg,0
4475.jpg,0
4495.jpg,0
45.jpg,0
450.jpg,0
451.jpg,0
4521.jpg,0
453.jpg,0
4537.jpg,0
4547.jpg,0
4555.jpg,0
4558.jpg,0
4564.jpg,0
4594.jpg,0
46.jpg,0
4600.jpg,0
4604.jpg,0
4609.jpg,0
4618.jpg,0
4622.jpg,0
4645.jpg,0
4656.jpg,0
4664.jpg,0
4690.jpg,0
47.jpg,0
4711.jpg,0
4715.jpg,0
4725.jpg,0
4730.jpg,0
474.jpg,0
4743.jpg,0
475.jpg,0
4754.jpg,0
476.jpg,0
4765.jpg,0
4774.jpg,0
4775.jpg,0
4791.jpg,0
4796.jpg,0
4804.jpg,0
4825.jpg,0
4841.jpg,0
4866.jpg,0
4885.jpg,0
4887.jpg,0
4890.jpg,0
49.jpg,0
4929.jpg,0
4967.jpg,0
497.jpg,0
4995.jpg,0
4999.jpg,0
50.jpg,0
5014.jpg,0
5024.jpg,0
5025.jpg,0
5043.jpg,0
5048.jpg,0
506.jpg,0
5061.jpg,0
5088.jpg,0
5094.jpg,0
51.jpg,0
5108.jpg,0
5114.jpg,0
5128.jpg,0
5140.jpg,0
516.jpg,0
5161.jpg,0
5166.jpg,0
517.jpg,0
5176.jpg,0
518.jpg,0
5208.jpg,0
521.jpg,0
5217.jpg,0
5241.jpg,0
5246.jpg,0
5253.jpg,0
526.jpg,0
5268.jpg,0
5279.jpg,0
5280.jpg,0
5288.jpg,0
529.jpg,0
5293.jpg,0
5301.jpg,0
5306.jpg,0
5310.jpg,0
5311.jpg,0
5314.jpg,0
5317.jpg,0
5344.jpg,0
5346.jpg,0
5352.jpg,0
5354.jpg,0
5358.jpg,0
5360.jpg,0
5361.jpg,0
5366.jpg,0
5368.jpg,0
537.jpg,0
5375.jpg,0
5378.jpg,0
5393.jpg,0
5404.jpg,0
541.jpg,0
5417.jpg,0
5418.jpg,0
5435.jpg,0
5437.jpg,0
546.jpg,0
5462.jpg,0
5464.jpg,0
5471.jpg,0
5473.jpg,0
5488.jpg,0
5497.jpg,0
5526.jpg,0
5538.jpg,0
554.jpg,0
557.jpg,0
5571.jpg,0
5578.jpg,0
5580.jpg,0
5589.jpg,0
559.jpg,0
5593.jpg,0
5609.jpg,0
5622.jpg,0
5631.jpg,0
5651.jpg,0
5657.jpg,0
566.jpg,0
5665.jpg,0
5675.jpg,0
5676.jpg,0
5685.jpg,0
5690.jpg,0
5691.jpg,0
570.jpg,0
5708.jpg,0
5725.jpg,0
5730.jpg,0
5736.jpg,0
5744.jpg,0
5753.jpg,0
5757.jpg,0
5776.jpg,0
5777.jpg,0
5783.jpg,0
5803.jpg,0
5805.jpg,0
5808.jpg,0
581.jpg,0
5812.jpg,0
5816.jpg,0
5831.jpg,0
5849.jpg,0
585.jpg,0
5851.jpg,0
5853.jpg,0
5868.jpg,0
5878.jpg,0
5879.jpg,0
5881.jpg,0
5884.jpg,0
5891.jpg,0
5899.jpg,0
5904.jpg,0
592.jpg,0
5929.jpg,0
593.jpg,0
5935.jpg,0
5949.jpg,0
5959.jpg,0
596.jpg,0
5965.jpg,0
5966.jpg,0
5971.jpg,0
5973.jpg,0
5974.jpg,0
5979.jpg,0
5980.jpg,0
5981.jpg,0
599.jpg,0
5997.jpg,0
60.jpg,0
6011.jpg,0
6014.jpg,0
6028.jpg,0
6029.jpg,0
603.jpg,0
609.jpg,0
611.jpg,0
613.jpg,0
615.jpg,0
619.jpg,0
623.jpg,0
626.jpg,0
628.jpg,0
630.jpg,0
635.jpg,0
636.jpg,0
64.jpg,0
645.jpg,0
646.jpg,0
647.jpg,0
654.jpg,0
655.jpg,0
656.jpg,0
657.jpg,0
659.jpg,0
66.jpg,0
661.jpg,0
67.jpg,0
674.jpg,0
676.jpg,0
68.jpg,0
681.jpg,0
682.jpg,0
689.jpg,0
69.jpg,0
690.jpg,0
694.jpg,0
695.jpg,0
696.jpg,0
702.jpg,0
708.jpg,0
709.jpg,0
713.jpg,0
714.jpg,0
718.jpg,0
719.jpg,0
722.jpg,0
723.jpg,0
725.jpg,0
728.jpg,0
730.jpg,0
734.jpg,0
735.jpg,0
738.jpg,0
74.jpg,0
745.jpg,0
746.jpg,0
747.jpg,0
749.jpg,0
753.jpg,0
758.jpg,0
76.jpg,0
761.jpg,0
764.jpg,0
766.jpg,0
767.jpg,0
768.jpg,0
770.jpg,0
773.jpg,0
776.jpg,0
783.jpg,0
786.jpg,0
79.jpg,0
792.jpg,0
799.jpg,0
800.jpg,0
801.jpg,0
803.jpg,0
812.jpg,0
818.jpg,0
819.jpg,0
822.jpg,0
823.jpg,0
826.jpg,0
827.jpg,0
830.jpg,0
831.jpg,0
836.jpg,0
838.jpg,0
850.jpg,0
853.jpg,0
856.jpg,0
858.jpg,0
860.jpg,0
862.jpg,0
864.jpg,0
882.jpg,0
883.jpg,0
888.jpg,0
890.jpg,0
893.jpg,0
90.jpg,0
900.jpg,0
920.jpg,0
922.jpg,0
924.jpg,0
927.jpg,0
928.jpg,0
930.jpg,0
933.jpg,0
934.jpg,0
947.jpg,0
948.jpg,0
950.jpg,0
951.jpg,0
952.jpg,0
962.jpg,0
964.jpg,0
969.jpg,0
970.jpg,0
971.jpg,0
972.jpg,0
973.jpg,0
975.jpg,0
976.jpg,0
977.jpg,0
978.jpg,0
980.jpg,0
983.jpg,0
987.jpg,0
989.jpg,0
995.jpg,0
999.jpg,0
